{"0": 0.5189063374328813, "1": 13.723079345088161}