{
  "accuracy": [
    0.6734532713890076,
    0.7180878520011902,
    0.7271908521652222,
    0.7352298498153687,
    0.7354621291160583,
    0.7368789315223694,
    0.743919849395752,
    0.7467964291572571,
    0.7510496973991394,
    0.7562608122825623,
    0.7584433555603027,
    0.7620742321014404,
    0.7626392245292664,
    0.7639814615249634,
    0.764124870300293,
    0.7661582827568054,
    0.7663819789886475,
    0.7682490348815918,
    0.7667921185493469,
    0.7703885436058044,
    0.7670674324035645,
    0.7728177309036255,
    0.7698264122009277,
    0.7716476321220398,
    0.7703139781951904,
    0.7712776064872742,
    0.7701562643051147,
    0.7714927196502686,
    0.7711830139160156,
    0.7722183465957642,
    0.771291971206665,
    0.7718598246574402,
    0.7714784145355225,
    0.7721638679504395,
    0.7722068428993225,
    0.7731131315231323,
    0.771902859210968,
    0.7722555994987488,
    0.7720146775245667,
    0.7723875641822815,
    0.7718483805656433,
    0.7721810340881348,
    0.7724162340164185,
    0.773095965385437,
    0.7732709050178528,
    0.7721982598304749,
    0.7724018692970276,
    0.7734200358390808,
    0.7726055383682251,
    0.7726829648017883
  ],
  "auc": [
    0.7014962434768677,
    0.7448439598083496,
    0.7581332325935364,
    0.7665278315544128,
    0.770958423614502,
    0.7789735794067383,
    0.7835158705711365,
    0.7898573279380798,
    0.7955290079116821,
    0.7997946739196777,
    0.8041272759437561,
    0.8106195330619812,
    0.812811017036438,
    0.8136053681373596,
    0.8158529996871948,
    0.8160444498062134,
    0.8182311058044434,
    0.8196929097175598,
    0.8219706416130066,
    0.8251498341560364,
    0.8240943551063538,
    0.8280088305473328,
    0.8280354142189026,
    0.8274232745170593,
    0.8292396664619446,
    0.8294309377670288,
    0.8289245963096619,
    0.8296304941177368,
    0.8304615616798401,
    0.8308642506599426,
    0.8302901983261108,
    0.8306660056114197,
    0.8321794867515564,
    0.8307093977928162,
    0.831692099571228,
    0.832008421421051,
    0.831599771976471,
    0.8317115902900696,
    0.8312579393386841,
    0.8321031332015991,
    0.8314213156700134,
    0.832309901714325,
    0.8317285180091858,
    0.8316312432289124,
    0.8312629461288452,
    0.8320344090461731,
    0.8321260213851929,
    0.8317896127700806,
    0.8319661021232605,
    0.8342509865760803
  ],
  "loss": [
    0.6417776942253113,
    0.5969730615615845,
    0.5849602818489075,
    0.5771200656890869,
    0.572479784488678,
    0.5641123652458191,
    0.5592406988143921,
    0.5518369674682617,
    0.5455334186553955,
    0.5408132076263428,
    0.5358110070228577,
    0.5278096199035645,
    0.5249131917953491,
    0.5241900086402893,
    0.5209614634513855,
    0.5210995078086853,
    0.5181745886802673,
    0.5165467262268066,
    0.513668954372406,
    0.5095698833465576,
    0.5107506513595581,
    0.5061783194541931,
    0.505907416343689,
    0.5065292716026306,
    0.5042712688446045,
    0.5049236416816711,
    0.5044960379600525,
    0.503969669342041,
    0.5026686191558838,
    0.5023561716079712,
    0.5030945539474487,
    0.5028153657913208,
    0.5005491971969604,
    0.5028908252716064,
    0.5014208555221558,
    0.5011039972305298,
    0.5014182925224304,
    0.5013222098350525,
    0.5014879107475281,
    0.501023530960083,
    0.501808226108551,
    0.5008668303489685,
    0.5011737942695618,
    0.5012871026992798,
    0.5015769600868225,
    0.5007394552230835,
    0.5007281303405762,
    0.5013166069984436,
    0.5011768341064453,
    0.4987459182739258
  ],
  "val_accuracy": [
    0.6812329292297363,
    0.5717918276786804,
    0.7255607843399048,
    0.664944589138031,
    0.7806360125541687,
    0.7963756322860718,
    0.7950372099876404,
    0.7954654693603516,
    0.8033888339996338,
    0.7365356683731079,
    0.6652657985687256,
    0.7632635831832886,
    0.7513919472694397,
    0.8005380630493164,
    0.8061057925224304,
    0.741327166557312,
    0.8065474629402161,
    0.7765003442764282,
    0.7556881904602051,
    0.7743321657180786,
    0.7864044904708862,
    0.7839686274528503,
    0.7835537195205688,
    0.7857487201690674,
    0.7878767848014832,
    0.7725520730018616,
    0.77890944480896,
    0.7818940877914429,
    0.7819877862930298,
    0.7833127975463867,
    0.7848252058029175,
    0.7867658734321594,
    0.7826436161994934,
    0.7868462204933167,
    0.7874484658241272,
    0.7864179015159607,
    0.7841560244560242,
    0.7830049991607666,
    0.784811794757843,
    0.7815862894058228,
    0.7822822332382202,
    0.7831522226333618,
    0.7849991917610168,
    0.7830585241317749,
    0.7859896421432495,
    0.7883184552192688,
    0.7845039963722229,
    0.7857487201690674,
    0.7809839844703674,
    0.7828711271286011
  ],
  "val_auc": [
    0.7450505495071411,
    0.7583054900169373,
    0.7676104307174683,
    0.7703199982643127,
    0.7808080315589905,
    0.7852141261100769,
    0.7897704243659973,
    0.7921764850616455,
    0.7974716424942017,
    0.8006858825683594,
    0.8072039484977722,
    0.8119798302650452,
    0.8169148564338684,
    0.8146346211433411,
    0.816437840461731,
    0.8175060749053955,
    0.818096935749054,
    0.8210583329200745,
    0.8228026628494263,
    0.8222757577896118,
    0.824209988117218,
    0.8250412940979004,
    0.8252362608909607,
    0.8263939023017883,
    0.8268246650695801,
    0.8267740607261658,
    0.8264563083648682,
    0.826699435710907,
    0.8269797563552856,
    0.8270834684371948,
    0.826926589012146,
    0.8270677328109741,
    0.8270493149757385,
    0.8269973993301392,
    0.8271094560623169,
    0.8271258473396301,
    0.8272307515144348,
    0.8272687792778015,
    0.8272473216056824,
    0.8272272944450378,
    0.8273874521255493,
    0.8273933529853821,
    0.8273156881332397,
    0.8273932337760925,
    0.8275050520896912,
    0.8274534344673157,
    0.8274061679840088,
    0.8274399042129517,
    0.8275968432426453,
    0.8276283740997314
  ],
  "val_loss": [
    0.6401527523994446,
    0.6937450766563416,
    0.5611183643341064,
    0.6482172012329102,
    0.5238317251205444,
    0.5140665173530579,
    0.4891066253185272,
    0.46714267134666443,
    0.4671535789966583,
    0.5541380643844604,
    0.625455915927887,
    0.5021082758903503,
    0.5165698528289795,
    0.45839938521385193,
    0.449368417263031,
    0.5506851077079773,
    0.45156681537628174,
    0.4853056073188782,
    0.5154704451560974,
    0.4968789517879486,
    0.4711858928203583,
    0.47565746307373047,
    0.47630882263183594,
    0.46672672033309937,
    0.46585530042648315,
    0.4920348823070526,
    0.48267924785614014,
    0.4784388840198517,
    0.47405382990837097,
    0.4687552750110626,
    0.47323572635650635,
    0.46887239813804626,
    0.4768185615539551,
    0.4708214998245239,
    0.46935588121414185,
    0.47132349014282227,
    0.47402915358543396,
    0.47545090317726135,
    0.4737776219844818,
    0.47853273153305054,
    0.47692209482192993,
    0.47435569763183594,
    0.4733949899673462,
    0.4750727415084839,
    0.46969175338745117,
    0.4672803580760956,
    0.47377780079841614,
    0.4704750180244446,
    0.4782193601131439,
    0.4735904037952423
  ],