{
  "accuracy": [
    0.6761377453804016,
    0.7242310643196106,
    0.7337270379066467,
    0.7329268455505371,
    0.7355854511260986,
    0.7407851219177246,
    0.742445707321167,
    0.746303141117096,
    0.7517408728599548,
    0.7513508200645447,
    0.7550820708274841,
    0.757078230381012,
    0.7552484273910522,
    0.7562264204025269,
    0.7589108347892761,
    0.7590571045875549,
    0.7597253322601318,
    0.756541907787323,
    0.757881224155426,
    0.759028434753418,
    0.7576489448547363,
    0.7578296065330505,
    0.7585093379020691,
    0.7585867643356323,
    0.7604853510856628,
    0.759074330329895,
    0.7587846517562866,
    0.7593353390693665,
    0.7599633932113647,
    0.7582626938819885,
    0.7596479058265686,
    0.7598429322242737,
    0.7588678598403931,
    0.7596450448036194,
    0.7598572969436646,
    0.7597683668136597,
    0.7606058120727539,
    0.7594557404518127,
    0.7599290013313293,
    0.7600695490837097,
    0.7602071762084961,
    0.7607320547103882,
    0.7602874636650085,
    0.7597081661224365,
    0.7584319114685059,
    0.7605398893356323,
    0.7603219151496887,
    0.7598457932472229,
    0.7603649497032166,
    0.7606890201568604
  ],
  "auc": [
    0.7142046093940735,
    0.7529571056365967,
    0.7669474482536316,
    0.7758982181549072,
    0.7869795560836792,
    0.7916874289512634,
    0.7951996326446533,
    0.8002195358276367,
    0.8068351149559021,
    0.8081808090209961,
    0.8115651607513428,
    0.816546618938446,
    0.8160823583602905,
    0.8167387247085571,
    0.8178721070289612,
    0.819438099861145,
    0.8190831542015076,
    0.8194396495819092,
    0.8214899897575378,
    0.8216013312339783,
    0.8216631412506104,
    0.8211071491241455,
    0.8232454657554626,
    0.8224155902862549,
    0.8223971724510193,
    0.8219740986824036,
    0.8215559124946594,
    0.8215975761413574,
    0.821537971496582,
    0.8233721852302551,
    0.8236250877380371,
    0.821969747543335,
    0.8231761455535889,
    0.8215697407722473,
    0.8227015137672424,
    0.8226718306541443,
    0.8226394057273865,
    0.8234354257583618,
    0.8230416178703308,
    0.8231149315834045,
    0.8238335251808167,
    0.824273943901062,
    0.8236841559410095,
    0.8233917355537415,
    0.8232319355010986,
    0.8232855200767517,
    0.823186993598938,
    0.8237472176551819,
    0.8251969814300537,
    0.8240000009536743
  ],
  "loss": [
    0.6354731321334839,
    0.590071976184845,
    0.5766913890838623,
    0.567980170249939,
    0.5558930039405823,
    0.5507142543792725,
    0.5463334321975708,
    0.5404248833656311,
    0.5329503417015076,
    0.5310213565826416,
    0.5272393226623535,
    0.5213690996170044,
    0.52190762758255,
    0.5207127928733826,
    0.5191367268562317,
    0.5175921320915222,
    0.5177534818649292,
    0.5173622369766235,
    0.5151112079620361,
    0.5149616599082947,
    0.514739453792572,
    0.5155752301216125,
    0.5129353404045105,
    0.5136464238166809,
    0.5139334201812744,
    0.514342725276947,
    0.5150819420814514,
    0.5148728489875793,
    0.5148010849952698,
    0.5127502679824829,
    0.5125588178634644,
    0.5141475200653076,
    0.5127136707305908,
    0.5146085619926453,
    0.5138489603996277,
    0.5135260224342346,
    0.5134128332138062,
    0.5128500461578369,
    0.5129035711288452,
    0.513427734375,
    0.5121906995773315,
    0.5117906928062439,
    0.5123273730278015,
    0.5126907229423523,
    0.5128827691078186,
    0.5126166939735413,
    0.5127878189086914,
    0.5118875503540039,
    0.5100659132003784,
    0.51177978515625
  ],
  "val_accuracy": [
    0.759716808795929,
    0.7022725939750671,
    0.6963836550712585,
    0.6177793145179749,
    0.8289790749549866,
    0.66866534948349,
    0.7905401587486267,
    0.730044424533844,
    0.733055830001831,
    0.803750216960907,
    0.7512447237968445,
    0.771401047706604,
    0.7514052987098694,
    0.7673189043998718,
    0.7614299654960632,
    0.7735157012939453,
    0.7582445740699768,
    0.7717222571372986,
    0.7771427631378174,
    0.7589539289474487,
    0.7692729830741882,
    0.7627683281898499,
    0.7659805417060852,
    0.7702232599258423,
    0.7673991918563843,
    0.7704105973243713,
    0.7745329141616821,
    0.7654184103012085,
    0.7654852867126465,
    0.765190839767456,
    0.7617511749267578,
    0.7659269571304321,
    0.7684966921806335,
    0.7685502171516418,
    0.7688580751419067,
    0.7640398144721985,
    0.7625809907913208,
    0.7665961980819702,
    0.7711333632469177,
    0.7667835354804993,
    0.7708924412727356,
    0.769406795501709,
    0.7671047449111938,
    0.7600781917572021,
    0.7685903906822205,
    0.7682557702064514,
    0.7737566232681274,
    0.7680149078369141,
    0.769005298614502,
    0.7733952403068542
  ],
  "val_auc": [
    0.7545325756072998,
    0.7656736969947815,
    0.7677014470100403,
    0.7772998213768005,
    0.790290117263794,
    0.791315495967865,
    0.797247052192688,
    0.8042855858802795,
    0.804686427116394,
    0.8069144487380981,
    0.809557318687439,
    0.8132709264755249,
    0.8119996786117554,
    0.8140093684196472,
    0.814996600151062,
    0.8158796429634094,
    0.8160603046417236,
    0.8160845041275024,
    0.8162807822227478,
    0.8161174654960632,
    0.8165547847747803,
    0.8164874911308289,
    0.8166044354438782,
    0.8166996240615845,
    0.8165426254272461,
    0.8168026208877563,
    0.8170007467269897,
    0.8170024752616882,
    0.8170686364173889,
    0.8171153664588928,
    0.8170813918113708,
    0.8171453475952148,
    0.8172668814659119,
    0.8174364566802979,
    0.8174903392791748,
    0.8173012733459473,
    0.817518949508667,
    0.8175539970397949,
    0.8177802562713623,
    0.8176437616348267,
    0.8177908658981323,
    0.8178566098213196,
    0.8178284764289856,
    0.8177464008331299,
    0.8178648948669434,
    0.817895770072937,
    0.8180208206176758,
    0.8179925084114075,
    0.8182809352874756,
    0.8183173537254333
  ],
  "val_loss": [
    0.5680360198020935,
    0.650222659111023,
    0.6094313859939575,
    0.6733149886131287,
    0.42581483721733093,
    0.6003223061561584,
    0.48873817920684814,
    0.5369632244110107,
    0.555836021900177,
    0.4467514455318451,
    0.5189977288246155,
    0.4939908981323242,
    0.51406329870224,
    0.5019109845161438,
    0.5066691040992737,
    0.48720479011535645,
    0.5043749213218689,
    0.4899836778640747,
    0.4779053330421448,
    0.5032167434692383,
    0.4908064901828766,
    0.5002815127372742,
    0.4952766001224518,
    0.49089813232421875,
    0.49905773997306824,
    0.49244168400764465,
    0.4845912456512451,
    0.49791231751441956,
    0.49495020508766174,
    0.4976496398448944,
    0.5029788613319397,
    0.4983450472354889,
    0.49418213963508606,
    0.49286192655563354,
    0.4925343990325928,
    0.5022485256195068,
    0.5033393502235413,
    0.4962034821510315,
    0.49126604199409485,
    0.4945467412471771,
    0.4909416437149048,
    0.49087560176849365,
    0.495649516582489,
    0.5039911270141602,
    0.49370041489601135,
    0.4940958321094513,
    0.4864218235015869,
    0.4953153431415558,
    0.4911673367023468,
    0.4846828281879425
  ],