{
  "accuracy": [
    0.6824932098388672,
    0.7195333242416382,
    0.7285388112068176,
    0.7342116832733154,
    0.737022340297699,
    0.7462859749794006,
    0.7489216327667236,
    0.7466358542442322,
    0.7508231401443481,
    0.7539922595024109,
    0.7540553212165833,
    0.7546031475067139,
    0.759326696395874,
    0.7592779397964478,
    0.7617272138595581,
    0.759507417678833,
    0.7652978897094727,
    0.7653121948242188,
    0.766181230545044,
    0.7667146325111389,
    0.7657309174537659,
    0.7671821117401123,
    0.766046404838562,
    0.7666773796081543,
    0.7675836682319641,
    0.7655358910560608,
    0.7681171298027039,
    0.7690434455871582,
    0.7711084485054016,
    0.7725625038146973,
    0.7696170806884766,
    0.7705233693122864,
    0.7713321447372437,
    0.7712001800537109,
    0.7718770503997803,
    0.7702422738075256,
    0.772364616394043,
    0.7718110680580139,
    0.7717709541320801,
    0.7710739970207214,
    0.7727173566818237,
    0.7707527875900269,
    0.771366536617279,
    0.7715099453926086,
    0.7722642421722412,
    0.772290050983429,
    0.770635187625885
  ],
  "auc": [
    0.7125871777534485,
    0.7489789724349976,
    0.759221076965332,
    0.7682024836540222,
    0.7756857872009277,
    0.7840734124183655,
    0.7878740429878235,
    0.7919350266456604,
    0.794779360294342,
    0.7999470233917236,
    0.8002599477767944,
    0.8018443584442139,
    0.8051851987838745,
    0.8073887228965759,
    0.8081260919570923,
    0.810108482837677,
    0.8165627121925354,
    0.8171727061271667,
    0.8199770450592041,
    0.8208363056182861,
    0.8215445876121521,
    0.8228606581687927,
    0.8217499852180481,
    0.8238438367843628,
    0.8241754770278931,
    0.8280991315841675,
    0.8290718197822571,
    0.8286726474761963,
    0.8291534185409546,
    0.8332210779190063,
    0.8321090936660767,
    0.8323846459388733,
    0.833747148513794,
    0.8329756855964661,
    0.8336420059204102,
    0.8330836892127991,
    0.8333008885383606,
    0.8342015147209167,
    0.8341487050056458,
    0.8342176079750061,
    0.8331998586654663,
    0.834519624710083,
    0.8334724307060242,
    0.834472119808197,
    0.8338268399238586,
    0.8328351378440857,
    0.8335829377174377
  ],
  "loss": [
    0.6307632923126221,
    0.5935326814651489,
    0.5844610929489136,
    0.575626015663147,
    0.5683589577674866,
    0.5598233938217163,
    0.5554553270339966,
    0.5510308742523193,
    0.5475127100944519,
    0.5416277050971985,
    0.5408542156219482,
    0.5387112498283386,
    0.5347499251365662,
    0.5321247577667236,
    0.531038224697113,
    0.528740644454956,
    0.5213322639465332,
    0.5200992822647095,
    0.5171303749084473,
    0.516312301158905,
    0.5149661898612976,
    0.5132670998573303,
    0.5144485235214233,
    0.512151300907135,
    0.5116570591926575,
    0.5064921975135803,
    0.5054779052734375,
    0.5054799914360046,
    0.5049536228179932,
    0.5001171827316284,
    0.5018526315689087,
    0.5011649131774902,
    0.49960923194885254,
    0.500603199005127,
    0.4997883141040802,
    0.5006619691848755,
    0.4999106526374817,
    0.49899619817733765,
    0.4986686706542969,
    0.49870213866233826,
    0.4999000132083893,
    0.49844321608543396,
    0.49984386563301086,
    0.49881282448768616,
    0.49916666746139526,
    0.5004626512527466,
    0.49950599670410156
  ],
  "val_accuracy": [
    0.7789763808250427,
    0.6947240233421326,
    0.7093126177787781,
    0.7778788805007935,
    0.7024198174476624,
    0.7625809907913208,
    0.7737566232681274,
    0.6622543931007385,
    0.736656129360199,
    0.7960142493247986,
    0.7993334531784058,
    0.6532201766967773,
    0.8109374046325684,
    0.7763129472732544,
    0.7941271066665649,
    0.7169950008392334,
    0.7222147583961487,
    0.7866721749305725,
    0.7803683280944824,
    0.7603190541267395,
    0.7812918424606323,
    0.8360324501991272,
    0.7564912438392639,
    0.8027865290641785,
    0.7848519682884216,
    0.762607753276825,
    0.7171689867973328,
    0.8003372550010681,
    0.7564243078231812,
    0.7620322108268738,
    0.775951623916626,
    0.7781733274459839,
    0.7724583745002747,
    0.7860297560691833,
    0.7793645262718201,
    0.7915171980857849,
    0.7785079479217529,
    0.7843835353851318,
    0.7890411615371704,
    0.7803415656089783,
    0.781184732913971,
    0.7773703336715698,
    0.7811713814735413,
    0.782135009765625,
    0.7808635234832764,
    0.7839686274528503,
    0.7804887890815735
  ],
  "val_auc": [
    0.7559186816215515,
    0.7652378082275391,
    0.7696589231491089,
    0.7805538177490234,
    0.7852436900138855,
    0.7895583510398865,
    0.7949535250663757,
    0.7953527569770813,
    0.8000481128692627,
    0.8020967841148376,
    0.8026032447814941,
    0.8040079474449158,
    0.8021666407585144,
    0.8087009191513062,
    0.8041172027587891,
    0.814691960811615,
    0.8170397877693176,
    0.8177856802940369,
    0.81936115026474,
    0.8189669847488403,
    0.8179525136947632,
    0.8168562054634094,
    0.8203365802764893,
    0.8220175504684448,
    0.8204505443572998,
    0.8246147036552429,
    0.8246062397956848,
    0.8239936232566833,
    0.8268331289291382,
    0.8272755146026611,
    0.8265047073364258,
    0.8271664977073669,
    0.8276342749595642,
    0.8274294137954712,
    0.8275966048240662,
    0.8273000121116638,
    0.8278295993804932,
    0.8276435136795044,
    0.8274391293525696,
    0.8277943730354309,
    0.8278501629829407,
    0.827997624874115,
    0.8278915882110596,
    0.8278825283050537,
    0.8277798295021057,
    0.8279234766960144,
    0.827974796295166
  ],
  "val_loss": [
    0.5655931234359741,
    0.6094617247581482,
    0.5850611925125122,
    0.5533920526504517,
    0.5962635278701782,
    0.5205422043800354,
    0.5189055800437927,
    0.666611909866333,
    0.5842394828796387,
    0.4747098684310913,
    0.48815420269966125,
    0.6429919600486755,
    0.4695863425731659,
    0.5037120580673218,
    0.473931223154068,
    0.5530833005905151,
    0.5708104968070984,
    0.46950897574424744,
    0.46740761399269104,
    0.5188619494438171,
    0.4792938232421875,
    0.38821202516555786,
    0.5211437940597534,
    0.4344553053379059,
    0.4798235595226288,
    0.49461251497268677,
    0.5671819448471069,
    0.4465821385383606,
    0.5018405318260193,
    0.4948393702507019,
    0.4808131158351898,
    0.471213698387146,
    0.482356995344162,
    0.4639023244380951,
    0.47345295548439026,
    0.4522506892681122,
    0.47164973616600037,
    0.4647609293460846,
    0.4581795632839203,
    0.47127121686935425,
    0.4692794978618622,
    0.47434765100479126,
    0.47031164169311523,
    0.4687129855155945,
    0.47066423296928406,
    0.4650544822216034,
    0.4699486494064331
  ],